{
  "project_info": {
    "project_number": "320394212009",
    "firebase_url": "https://autocheck-13855-default-rtdb.asia-southeast1.firebasedatabase.app",
    "project_id": "autocheck-13855",
    "storage_bucket": "autocheck-13855.firebasestorage.app"
  },
  "client": [
    {
      "client_info": {
        "mobilesdk_app_id": "1:320394212009:android:46c40783e961c09cf76fb8",
        "android_client_info": {
          "package_name": "com.Autocheck"
        }
      },
      "oauth_client": [],
      "api_key": [
        {
          "current_key": "AIzaSyAY13M-BEJwvif2wwETfL7ZGQVNn4fRHmc"
        }
      ],
      "services": {
        "appinvite_service": {
          "other_platform_oauth_client": []
        }
      }
    },
    {
      "client_info": {
        "mobilesdk_app_id": "1:320394212009:android:0d18d228c7581238f76fb8",
        "android_client_info": {
          "package_name": "com.example.pui2"
        }
      },
      "oauth_client": [],
      "api_key": [
        {
          "current_key": "AIzaSyAY13M-BEJwvif2wwETfL7ZGQVNn4fRHmc"
        }
      ],
      "services": {
        "appinvite_service": {
          "other_platform_oauth_client": []
        }
      }
    }
  ],
  "configuration_version": "1"
}